Type,Post_id,Author,Timestamp,Text,Score,Total_comments,Post_URL
Comment,1jahg0k,GabeSter,1741886789.0,"Want to win some Moons funded by the rCryptoCurrency TG? Drop your KrakTag (your Kraken Pay name)¬†**as a response to this pinned comment**¬†and after 48 hours the currently 3,000 Moons raised will be split evenly via Kraken Pay between everyone that entered.

If anyone would like to provide additional Moons to this giveaway you can send Moons on Kraken Pay to @GabeSter.

Edit: Comments locked on pinned post will get moons sent out hopefully within next 24 hours to everyone that entered before it was locked",1,0,https://www.reddit.com/r/CryptoCurrency/comments/1jahg0k/the_rcryptocurrency_moon_week_59_moon_burn_update/
Comment,1jahg0k,RealVoldemort,1741887926.0,Oooooof this a big one,7,0,https://www.reddit.com/r/CryptoCurrency/comments/1jahg0k/the_rcryptocurrency_moon_week_59_moon_burn_update/
Comment,1jahg0k,Odd-Radio-8500,1741891527.0,![gif](giphy|yr7n0u3qzO9nG),7,0,https://www.reddit.com/r/CryptoCurrency/comments/1jahg0k/the_rcryptocurrency_moon_week_59_moon_burn_update/
Comment,1jahg0k,meeleen223,1741887297.0,"Great post!

Moons have a perfect self regulatory mechanism removing sell pressure burning more at lower prices. 

My 450k guess for 2025 moon burn total is already way off lol

Also good luck everyone at the giveaway, krakenpay route is great and easy way to receive Moons

Moons potential is huge and future is exciting as always",11,0,https://www.reddit.com/r/CryptoCurrency/comments/1jahg0k/the_rcryptocurrency_moon_week_59_moon_burn_update/
Comment,1jahg0k,Environmental_gobrrr,1741946993.0,Almost 300k moons is a crazy amount. love to see these burns.,5,0,https://www.reddit.com/r/CryptoCurrency/comments/1jahg0k/the_rcryptocurrency_moon_week_59_moon_burn_update/
Comment,1jahg0k,BoobindarPussia_,1741948858.0,Can't wait for the supply shock when alts start exploding,3,0,https://www.reddit.com/r/CryptoCurrency/comments/1jahg0k/the_rcryptocurrency_moon_week_59_moon_burn_update/
Comment,1jahg0k,partymsl,1741891571.0,"The burns are MASSIVE.

Just need some price momentum with them.",5,0,https://www.reddit.com/r/CryptoCurrency/comments/1jahg0k/the_rcryptocurrency_moon_week_59_moon_burn_update/
Comment,1jahg0k,AprilsMostAmazing,1741896063.0,If a million of us bought 80 MOONs and held we could easily GME this shit,6,0,https://www.reddit.com/r/CryptoCurrency/comments/1jahg0k/the_rcryptocurrency_moon_week_59_moon_burn_update/
Comment,1jahg0k,kirtash93,1741888476.0,"690,420.00 MOONs burned this year 2025

![gif](giphy|9M5jK4GXmD5o1irGrF)",6,0,https://www.reddit.com/r/CryptoCurrency/comments/1jahg0k/the_rcryptocurrency_moon_week_59_moon_burn_update/
Comment,1jahg0k,goldyluckinblokchain,1741888632.0,Burn baby burn!,4,0,https://www.reddit.com/r/CryptoCurrency/comments/1jahg0k/the_rcryptocurrency_moon_week_59_moon_burn_update/
Comment,1jahg0k,AnoAnoSaPwet,1741892799.0,"How does one apply to receive Moons?


Do they need to be bought first, to have a wallet to send them to?¬†",2,0,https://www.reddit.com/r/CryptoCurrency/comments/1jahg0k/the_rcryptocurrency_moon_week_59_moon_burn_update/
Comment,1jahg0k,0x456,1741893033.0,What was the prediction post where we are trying to predict the total amount of Moons burned in 2025?,2,0,https://www.reddit.com/r/CryptoCurrency/comments/1jahg0k/the_rcryptocurrency_moon_week_59_moon_burn_update/
Comment,1jahg0k,Financial-Reward-949,1741897834.0,Thanks for the update!  Was a good moon month!,2,0,https://www.reddit.com/r/CryptoCurrency/comments/1jahg0k/the_rcryptocurrency_moon_week_59_moon_burn_update/
Comment,1jahg0k,5omethingdifferen7,1741922181.0,"I'm still not quite sure I understand how to earn moons. I created a vault and registered it, but after using the faucet it still says my vault is empty.

Am i missing a step or does it just not show small balances?",2,0,https://www.reddit.com/r/CryptoCurrency/comments/1jahg0k/the_rcryptocurrency_moon_week_59_moon_burn_update/
Comment,1jahg0k,Jashaaaaaa,1741927777.0,@Jashaaaaaa,2,0,https://www.reddit.com/r/CryptoCurrency/comments/1jahg0k/the_rcryptocurrency_moon_week_59_moon_burn_update/
Comment,1jahg0k,oopssomething,1741946231.0,@Oops,2,0,https://www.reddit.com/r/CryptoCurrency/comments/1jahg0k/the_rcryptocurrency_moon_week_59_moon_burn_update/
Comment,1jahg0k,CeramicDrip,1741970093.0,Let it burn. LET IT BURN!üî•,2,0,https://www.reddit.com/r/CryptoCurrency/comments/1jahg0k/the_rcryptocurrency_moon_week_59_moon_burn_update/
Comment,1jahg0k,Laughingboy14,1741985898.0,"Great amount of Moons burned. 

Keep em coming!",2,0,https://www.reddit.com/r/CryptoCurrency/comments/1jahg0k/the_rcryptocurrency_moon_week_59_moon_burn_update/
Comment,1jahg0k,CanalVillainy,1741997472.0,For what purpose are the moons being burned?,2,0,https://www.reddit.com/r/CryptoCurrency/comments/1jahg0k/the_rcryptocurrency_moon_week_59_moon_burn_update/
Comment,1jahg0k,vjeva,1741888334.0,Oh burn burn Im waiting for that sweet supply shock that will pump Moons soon,2,0,https://www.reddit.com/r/CryptoCurrency/comments/1jahg0k/the_rcryptocurrency_moon_week_59_moon_burn_update/
Comment,1jahg0k,Proverb313,1741889290.0,let's  hope save the planet activists will not discover your little moon burning operation,2,0,https://www.reddit.com/r/CryptoCurrency/comments/1jahg0k/the_rcryptocurrency_moon_week_59_moon_burn_update/
Comment,1jahg0k,Unknown,1742012482.0,[deleted],1,0,https://www.reddit.com/r/CryptoCurrency/comments/1jahg0k/the_rcryptocurrency_moon_week_59_moon_burn_update/
Comment,1jahg0k,anotheralien22,1742041536.0,"@princess 
üî•",1,0,https://www.reddit.com/r/CryptoCurrency/comments/1jahg0k/the_rcryptocurrency_moon_week_59_moon_burn_update/
Comment,1jahg0k,JeffreyDollarz,1741897441.0,"Ah, so only people who can use Kraken can participate in one of these giveaways.

Hardly seems far, especially since this community isn't dependent on Kraken.",1,0,https://www.reddit.com/r/CryptoCurrency/comments/1jahg0k/the_rcryptocurrency_moon_week_59_moon_burn_update/
Comment,1jahg0k,Onelinersandblues,1741979918.0,Like this post people !!,1,0,https://www.reddit.com/r/CryptoCurrency/comments/1jahg0k/the_rcryptocurrency_moon_week_59_moon_burn_update/
Comment,1jc8re6,DBRiMatt,1742089629.0,"Remember when we were all geniuses?

I miss that.",12,0,https://www.reddit.com/r/CryptoCurrency/comments/1jc8re6/daily_crypto_discussion_march_16_2025_gmt0/
Comment,1jc8re6,No_Ideal_372,1742102384.0,Where's my Sunday dip whales?,10,0,https://www.reddit.com/r/CryptoCurrency/comments/1jc8re6/daily_crypto_discussion_march_16_2025_gmt0/
Comment,1jc8re6,Tip-Actual,1742100438.0,AVAX almost back to $20 !,6,0,https://www.reddit.com/r/CryptoCurrency/comments/1jc8re6/daily_crypto_discussion_march_16_2025_gmt0/
Comment,1jc8re6,fou21,1742117943.0,Sunday Dump incoming,6,0,https://www.reddit.com/r/CryptoCurrency/comments/1jc8re6/daily_crypto_discussion_march_16_2025_gmt0/
Comment,1jc8re6,Pure-Fuel-9884,1742089290.0,"Some dude opened 330m short position with 44x leverage. Probably the same guy ""somehow"" timed that massive long.",10,0,https://www.reddit.com/r/CryptoCurrency/comments/1jc8re6/daily_crypto_discussion_march_16_2025_gmt0/
Comment,1jc8re6,kironet996,1742084775.0,Is it gonna follow the trend a dump on Sunday?,6,0,https://www.reddit.com/r/CryptoCurrency/comments/1jc8re6/daily_crypto_discussion_march_16_2025_gmt0/
Comment,1jc8re6,im_THIS_guy,1742089149.0,"What exactly goes on at a Bitcoin Conference and why does it need to be 3 days long?  Is it just 3 days of spitting on Satoshi's grave?  Or is it more of a ""time-share sales pitch"" vibe?",5,0,https://www.reddit.com/r/CryptoCurrency/comments/1jc8re6/daily_crypto_discussion_march_16_2025_gmt0/
Comment,1jc8re6,deltav8,1742095425.0,I missed the rockets in this sub. We need a blast to infinity and beyond.,4,0,https://www.reddit.com/r/CryptoCurrency/comments/1jc8re6/daily_crypto_discussion_march_16_2025_gmt0/
Comment,1jc8re6,Kazuma97,1742117488.0,It‚Äôs Sunday dump again,4,0,https://www.reddit.com/r/CryptoCurrency/comments/1jc8re6/daily_crypto_discussion_march_16_2025_gmt0/
Comment,1jc8re6,OverallHearing5,1742091062.0,"It sure would be funny if the market tanks minutes after a 300 million dollar highly leveraged short is made. This is exactly why I‚Äôve gone from permabull to permabear on crypto. Because while the tech is legitimate and real, it is being rigged by the wealthy in order to extract money from you. They‚Äôll never allow it to take hold. And the world isn‚Äôt adopting bitcoin, they‚Äôre adopting stable coins.",8,0,https://www.reddit.com/r/CryptoCurrency/comments/1jc8re6/daily_crypto_discussion_march_16_2025_gmt0/
Comment,1jc8re6,Due-Inspection-5660,1742093600.0,"If you analyse recent comments by US Treasury Sectary Scott Bessent and comments made by Canadian officials after their meeting with the Trump admin in washington last week, you can see that it's very likely Trump wants to agree a deal with ALL COUNTRIES for tariffs to be scaled back, except in a few critical industries like steel and aluminimum.

So I think buying more Bitcoin now and waiting for them to announce a deal over the next few days and weeks is a no-brainer. Once these tariffs get rolled back, Bitcoin is easily going back over 100k almost immediately.

And there are countless other bullish catalysts in play.... it's possible BTC will be over 130k before the end of April.",8,0,https://www.reddit.com/r/CryptoCurrency/comments/1jc8re6/daily_crypto_discussion_march_16_2025_gmt0/
Comment,1jc8re6,Easy-Statistician289,1742087843.0,"Even if you make a wallet on your pc, can you access the funds from anywhere in the world a long as you know your btc address and the key?",3,0,https://www.reddit.com/r/CryptoCurrency/comments/1jc8re6/daily_crypto_discussion_march_16_2025_gmt0/
Comment,1jc8re6,OverallHearing5,1742088219.0,I DCAd a short position today.,3,0,https://www.reddit.com/r/CryptoCurrency/comments/1jc8re6/daily_crypto_discussion_march_16_2025_gmt0/
Comment,1jc8re6,lobos_locos,1742091989.0,Good feelings,3,0,https://www.reddit.com/r/CryptoCurrency/comments/1jc8re6/daily_crypto_discussion_march_16_2025_gmt0/
Comment,1jc8re6,gowithflow192,1742110036.0,"Low volume day, no price movement. Just like last Sunday, are you ready for the Sunday dump fellow degens?",7,0,https://www.reddit.com/r/CryptoCurrency/comments/1jc8re6/daily_crypto_discussion_march_16_2025_gmt0/
Comment,1jc8re6,critiqueextension,1742084109.0,"Despite frequent warnings about pump and dump schemes in cryptocurrency, a recent case has highlighted persistent and legal pitfalls surrounding these practices. Rowland Marcus Andrade was found guilty of fraud and money laundering related to a misleading ICO for AML Bitcoin, emphasizing the ongoing risks associated with such scams in the crypto space [OSL](https://osl.com/en/academy/article/crypto-scams-to-watch-out-for-in-2025) [CoinDesk](https://www.coindesk.com/policy/2025/03/13/aml-bitcoin-creator-found-guilty-in-federal-pump-and-dump-case).

* [Crypto Scams to Watch Out for in 2025 - OSL](https://osl.com/en/academy/article/crypto-scams-to-watch-out-for-in-2025)
* [AML Bitcoin Creator Found Guilty In Federal Pump-and-Dump Case](https://www.coindesk.com/policy/2025/03/13/aml-bitcoin-creator-found-guilty-in-federal-pump-and-dump-case)
* [Daily Crypto Discussion - March 13, 2025 (GMT+0) : r/CryptoCurrency](https://www.reddit.com/r/CryptoCurrency/comments/1j9ys8p/daily_crypto_discussion_march_13_2025_gmt0/)

^(This is a bot made by [Critique AI](https://critique-labs.ai). If you want vetted information like this on all content you browse, [download our extension](https://critiquebrowser.app).)",3,0,https://www.reddit.com/r/CryptoCurrency/comments/1jc8re6/daily_crypto_discussion_march_16_2025_gmt0/
Comment,1jc8re6,ClanGangrel47,1742089616.0,https://i.redd.it/2fnc759uiyoe1.gif,3,0,https://www.reddit.com/r/CryptoCurrency/comments/1jc8re6/daily_crypto_discussion_march_16_2025_gmt0/
Comment,1jc8re6,Dark_Raiden_,1742087690.0,"After reading some price targets floating around, im confident a huge portion of the XRP community doesnt know what market cap is.",6,0,https://www.reddit.com/r/CryptoCurrency/comments/1jc8re6/daily_crypto_discussion_march_16_2025_gmt0/
Comment,1jc8re6,Ok_Golf_6467,1742093640.0,Chill and hold ‚úåÔ∏è,5,0,https://www.reddit.com/r/CryptoCurrency/comments/1jc8re6/daily_crypto_discussion_march_16_2025_gmt0/
Comment,1jc8re6,RefrigeratorLow1259,1742110774.0,So TON surges just because some guy has been released from prison!?,2,0,https://www.reddit.com/r/CryptoCurrency/comments/1jc8re6/daily_crypto_discussion_march_16_2025_gmt0/
Comment,1jc8re6,AdamantiumAss,1742111968.0,I‚Äôm confused on why some memes I previously tracked are crabbing up slowly and surely for 5 days straight,2,0,https://www.reddit.com/r/CryptoCurrency/comments/1jc8re6/daily_crypto_discussion_march_16_2025_gmt0/
Comment,1jc8re6,ioWxss6_bot,1742112608.0,"Most mentions on r/cc (2025-03-15 00:00:00):

||Mentions|  
|:-|:-|  
|BTC|212|  
|XRP|79|  
|ETH|59|  
|MOON|28|  
|SOL|28|  
|SAFE|17|  
|IP|14|  
|ATH|9|  
|ADA|8|  
|MATH|8|  
|USDC|8|  
|DOGE|7|  
|LTC|6|  
|SNT|6|  
|ALGO|5|  
|CORECHAIN|5|  
|00|4|  
|CRO|4|  
|NANO|4|  
|USDT|4|  

[Data source and app](https://www.redditcoins.app/)",2,0,https://www.reddit.com/r/CryptoCurrency/comments/1jc8re6/daily_crypto_discussion_march_16_2025_gmt0/
Comment,1jc8re6,FiatFree,1742118247.0,Several comments since yesterday had been predicting a mother of all pumps incoming today. Is it happening now?!,2,0,https://www.reddit.com/r/CryptoCurrency/comments/1jc8re6/daily_crypto_discussion_march_16_2025_gmt0/
Comment,1jc8re6,Herosinahalfshell12,1742121639.0,"Why does crypto.com need a proposal and a vote to unburn or whatever all of that CRO?

Can't they just mint whatever they want?",1,0,https://www.reddit.com/r/CryptoCurrency/comments/1jc8re6/daily_crypto_discussion_march_16_2025_gmt0/
Comment,1jc8re6,0x456,1742121657.0,"So, did we survive the weekend?",1,0,https://www.reddit.com/r/CryptoCurrency/comments/1jc8re6/daily_crypto_discussion_march_16_2025_gmt0/
Comment,1jc8re6,shn1386,1742083353.0,Early in Asia watching my charts with my iced coffee,3,0,https://www.reddit.com/r/CryptoCurrency/comments/1jc8re6/daily_crypto_discussion_march_16_2025_gmt0/
Comment,1jc8re6,0ld_0wl,1742083610.0,Asia buy please,1,0,https://www.reddit.com/r/CryptoCurrency/comments/1jc8re6/daily_crypto_discussion_march_16_2025_gmt0/
Comment,1jc8re6,ioWxss6_bot,1742091008.0,"Most mentions on r/cc (2025-03-15 00:00:00):

||Mentions|  
|:-|:-|  
|BTC|212|  
|XRP|79|  
|ETH|59|  
|MOON|28|  
|SOL|28|  
|SAFE|17|  
|IP|14|  
|ATH|9|  
|ADA|8|  
|MATH|8|  
|USDC|8|  
|DOGE|7|  
|LTC|6|  
|SNT|6|  
|ALGO|5|  
|CORECHAIN|5|  
|00|4|  
|CRO|4|  
|NANO|4|  
|USDT|4|  

[Data source and app](https://www.redditcoins.app/)",1,0,https://www.reddit.com/r/CryptoCurrency/comments/1jc8re6/daily_crypto_discussion_march_16_2025_gmt0/
Comment,1jc8re6,Glum-Wealth-6171,1742092672.0,This price action is confusing the shit out of me.. we going up or down? Big drop than a massive recovery... followed by flat chop...,1,0,https://www.reddit.com/r/CryptoCurrency/comments/1jc8re6/daily_crypto_discussion_march_16_2025_gmt0/
Comment,1jc8re6,type_error,1742097881.0,Rest and Vest,1,0,https://www.reddit.com/r/CryptoCurrency/comments/1jc8re6/daily_crypto_discussion_march_16_2025_gmt0/
Comment,1jc8re6,tropsmania,1742119151.0,Any APU and frogs as a whole enjoyers in chat?,1,0,https://www.reddit.com/r/CryptoCurrency/comments/1jc8re6/daily_crypto_discussion_march_16_2025_gmt0/
Comment,1jc8re6,piggleii,1742119785.0,I hate weekends.,1,0,https://www.reddit.com/r/CryptoCurrency/comments/1jc8re6/daily_crypto_discussion_march_16_2025_gmt0/
Comment,1jc8re6,Glum-Wealth-6171,1742121472.0,"But the xrp guys said 49 etfs and Japanese banks! And Brad and Trump and pals and and ""utility""!?
Why dump?",1,0,https://www.reddit.com/r/CryptoCurrency/comments/1jc8re6/daily_crypto_discussion_march_16_2025_gmt0/
Comment,1jc8re6,yokmubenisiken,1742116538.0,Mother of all pumps beginning today. You are not prepared.,1,0,https://www.reddit.com/r/CryptoCurrency/comments/1jc8re6/daily_crypto_discussion_march_16_2025_gmt0/
Comment,1jc8re6,No_Ideal_372,1742085639.0,Waiting for a Sunday dip so I can re-try. Can't wait. Come on whales. Do your market manipulation. I am still waiting....Sunday dip is coming....,1,0,https://www.reddit.com/r/CryptoCurrency/comments/1jc8re6/daily_crypto_discussion_march_16_2025_gmt0/
Comment,1jc8re6,PulIthEld,1742111046.0,lol i made a very popular post in /r/unpopularopinion imma hide out here now.,0,0,https://www.reddit.com/r/CryptoCurrency/comments/1jc8re6/daily_crypto_discussion_march_16_2025_gmt0/
Comment,1jc8re6,Emotional_Ad_3954,1742092870.0,"Bitcoin should be obtained and never sold. If you had the chance to buy land in Manhattan centuries ago, as the price goes up, you might be tempted to sell. Imagine if you are landowner right now in Manhattan. Your family and generations after them will be set until the destruction of the United States of America. Now, imagine Bitcoin as prime land in Manhattan back in the earliest days when the land was still affordable to be obtained by regular persons like us. Now imagine the only thing that will destroy Bitcoin is a total shut down of energy sources on earth. You get what I‚Äôm trying to say? 

If you need money just go work for it, but never sell your Bitcoin.",0,0,https://www.reddit.com/r/CryptoCurrency/comments/1jc8re6/daily_crypto_discussion_march_16_2025_gmt0/
Comment,1jc8re6,KalEl729,1742117914.0,Xrp falling off a cliff,0,0,https://www.reddit.com/r/CryptoCurrency/comments/1jc8re6/daily_crypto_discussion_march_16_2025_gmt0/
Comment,1jc8re6,biggballin420,1742085514.0,Not asking for financial advise but what‚Äôs a better buy eth at 1930 or XRP at 2.42 I know my stance (eth) but just wondering everyone else‚Äôs,0,0,https://www.reddit.com/r/CryptoCurrency/comments/1jc8re6/daily_crypto_discussion_march_16_2025_gmt0/
Comment,1jc8re6,that_ol_bs,1742086538.0,I hope y‚Äôall bought the fartcoin dip,-1,0,https://www.reddit.com/r/CryptoCurrency/comments/1jc8re6/daily_crypto_discussion_march_16_2025_gmt0/
Comment,1jc8c3g,Rent_South,1742082416.0,"This title is ridiculous. MSTR owns the bitcoin. Not Michael Saylor. He isn't even CEO anymore, he is a chairman.",377,0,https://i.redd.it/ve2i53r7wxoe1.jpeg
Comment,1jc8c3g,Polo1985,1742084815.0,Am I the only thinking that there's going to be a massive rug pull?,65,0,https://i.redd.it/ve2i53r7wxoe1.jpeg
Comment,1jc8c3g,why_am_i_here_999,1742084120.0,That‚Äôs not bullish lol,9,0,https://i.redd.it/ve2i53r7wxoe1.jpeg
Comment,1jc8c3g,ieatfrosties,1742082902.0,How is this decentralized yall,50,0,https://i.redd.it/ve2i53r7wxoe1.jpeg
Comment,1jc8c3g,EquivalentCat5920,1742082721.0,"And if our local star decides to fart, its all gone... Cosmic poof

Edit: punctuation",18,0,https://i.redd.it/ve2i53r7wxoe1.jpeg
Comment,1jc8c3g,CipherScarlatti,1742083223.0,"Yeah, but that's only because he's been using leverage. He's walking a tightrope that has Daffy Donald cutting away the support at one end, and he's got no safety net below him.",17,0,https://i.redd.it/ve2i53r7wxoe1.jpeg
Comment,1jc8c3g,Humans_r_evil,1742082641.0,"quick, everyone!  Hold his bags!",12,0,https://i.redd.it/ve2i53r7wxoe1.jpeg
Comment,1jc8c3g,Fresh_Information_42,1742082883.0,What happens when he decides to sell,10,0,https://i.redd.it/ve2i53r7wxoe1.jpeg
Comment,1jc8c3g,MushroomOk3810,1742083116.0,Lets just come out and say it. Its all bs and not worth crap,15,0,https://i.redd.it/ve2i53r7wxoe1.jpeg
Comment,1jc8c3g,skithetetons,1742083640.0,‚ÄúDecentralized‚Äù haha,7,0,https://i.redd.it/ve2i53r7wxoe1.jpeg
Comment,1jc8c3g,CoconutCannabis,1742084082.0,Sounds like he‚Äôs in Ballz Deep.,3,0,https://i.redd.it/ve2i53r7wxoe1.jpeg
Comment,1jc8c3g,Maleficent_Sound_919,1742083223.0,This twat doesn't own it...,4,0,https://i.redd.it/ve2i53r7wxoe1.jpeg
Comment,1jc8c3g,OverallAd2198,1742084378.0,Sounds really decentralized,5,0,https://i.redd.it/ve2i53r7wxoe1.jpeg
Comment,1jc8c3g,Easy-Wrangler1111,1742088953.0,lol china and the US should dump their btc and liquidate Saylor/MSTR,5,0,https://i.redd.it/ve2i53r7wxoe1.jpeg
Comment,1jc8c3g,Gold-Needleworker922,1742089216.0,The company also has lots of loans they used to accumulate all good as price rises...and the real business can pay the interest...I doubt they pay principle and interest,2,0,https://i.redd.it/ve2i53r7wxoe1.jpeg
Comment,1jc8c3g,SnooRegrets6428,1742090602.0,Once one person holds too many it loses more value,2,0,https://i.redd.it/ve2i53r7wxoe1.jpeg
Comment,1jc8c3g,Adventurous-Sir444,1742091115.0,Is this suppose to be bad or good? Wasn't BTC suppose to replace Fiat?,2,0,https://i.redd.it/ve2i53r7wxoe1.jpeg
Comment,1jc8c3g,Dieselpump510,1742095998.0,He‚Äôs either going to be monster rich or a laughing stock on Reddit.  Either way I say this is the Gwei.,2,0,https://i.redd.it/ve2i53r7wxoe1.jpeg
Comment,1jc8c3g,luvme4ev,1742099495.0,Ya'll deserve everything that will happen next,2,0,https://i.redd.it/ve2i53r7wxoe1.jpeg
Comment,1jc8c3g,Successful_Shake8348,1742103573.0,leader of the world,2,0,https://i.redd.it/ve2i53r7wxoe1.jpeg
Comment,1jc8c3g,GVT84,1742118218.0,"Decentralized, another lie about btc",2,0,https://i.redd.it/ve2i53r7wxoe1.jpeg
Comment,1jc8c3g,Cheesyduck81,1742082354.0,"Is this pure AI generated bullshit news, tweets and reddit posts?",3,0,https://i.redd.it/ve2i53r7wxoe1.jpeg
Comment,1jc8c3g,thebalancewithin,1742082749.0,What's the downside of this?,5,0,https://i.redd.it/ve2i53r7wxoe1.jpeg
Comment,1jc8c3g,2roK,1742084379.0,"And should Bitcoin ever be used as an actual currency, these whales would become trillionaires while everyone else would be more poor than they are today. Does that sound like ""freedom"" to you?",4,0,https://i.redd.it/ve2i53r7wxoe1.jpeg
Comment,1jc8c3g,optimus_primal-rage,1742083736.0,I own 100 shares of microstrategy so that means I own a small bit of that and that makes me feel included. Thanks world. üòä,3,0,https://i.redd.it/ve2i53r7wxoe1.jpeg
Comment,1jc8c3g,lakimens,1742093975.0,So it is centralized now,2,0,https://i.redd.it/ve2i53r7wxoe1.jpeg
Comment,1jc8c3g,rusty0004,1742083464.0,must have really good securities üòÅ,1,0,https://i.redd.it/ve2i53r7wxoe1.jpeg
Comment,1jc8c3g,Notoriously_So,1742084406.0,Streets ahead post.,1,0,https://i.redd.it/ve2i53r7wxoe1.jpeg
Comment,1jc8c3g,tianavitoli,1742088558.0,only problem he's gonna have is that he didn't buy more,1,0,https://i.redd.it/ve2i53r7wxoe1.jpeg
Comment,1jc8c3g,dztruthseek,1742090525.0,Michael Saylor doesn't own any of it.,1,0,https://i.redd.it/ve2i53r7wxoe1.jpeg
Comment,1jc8c3g,CapOdd4021,1742092860.0,Why do I sometimes feeling like there‚Äôs more than 21M bitcoins,1,0,https://i.redd.it/ve2i53r7wxoe1.jpeg
Comment,1jc8c3g,jomama823,1742092959.0,"Yay?  On a related note, I own more things with my name on them than the United States and China combined.",1,0,https://i.redd.it/ve2i53r7wxoe1.jpeg
Comment,1jc8c3g,G8oraid,1742092980.0,So what!!  Farmer John owns more cows than the us government.,1,0,https://i.redd.it/ve2i53r7wxoe1.jpeg
Comment,1jc8c3g,Unknown,1742094293.0,[removed],1,0,https://i.redd.it/ve2i53r7wxoe1.jpeg
Comment,1jc8c3g,hodlyourground,1742096072.0,‚ÄúFact‚Äù,1,0,https://i.redd.it/ve2i53r7wxoe1.jpeg
Comment,1jc8c3g,Diggery_Doo,1742096363.0,The real shadow hegemon(not Elon) is the one the holds the Bitcoin,1,0,https://i.redd.it/ve2i53r7wxoe1.jpeg
Comment,1jc8c3g,Substantial-Sea3046,1742098207.0,"If he do, he will just break the btc potential until he give up",1,0,https://i.redd.it/ve2i53r7wxoe1.jpeg
Comment,1jc8c3g,laz10,1742102743.0,Absolutely cringe graphic,1,0,https://i.redd.it/ve2i53r7wxoe1.jpeg
Comment,1jc8c3g,platinumarks,1742103319.0,"AS ALWAYS, CAPS LOCK MEANS THAT IT'S MORE ACCURATE THAN ANYTHING ELSE AND TOTALLY NOT BS CLICKBAIT",1,0,https://i.redd.it/ve2i53r7wxoe1.jpeg
Comment,1jc8c3g,LeahBrahms,1742106038.0,https://i.redd.it/y8zonhjnvzoe1.gif,1,0,https://i.redd.it/ve2i53r7wxoe1.jpeg
Comment,1jc8c3g,AggCracker,1742106086.0,Bullshit,1,0,https://i.redd.it/ve2i53r7wxoe1.jpeg
Comment,1jc8c3g,NerdFarming,1742107204.0,Seeing a grown adult Glazing Saylor like this is so embarrassing,1,0,https://i.redd.it/ve2i53r7wxoe1.jpeg
Comment,1jc8c3g,TheTarquin,1742107263.0,k,1,0,https://i.redd.it/ve2i53r7wxoe1.jpeg
Comment,1jc8c3g,crytofurbi,1742109877.0,"Fact: He doesn't, Microstrategic does.",1,0,https://i.redd.it/ve2i53r7wxoe1.jpeg
Comment,1jc8c3g,Novel_Development898,1742110171.0,"Not so fast‚Ä¶. 
Pretty sure that a very large amount of MSTR Bitcoin is levered by debt. 
Until debts tied to Bitcoin is paid, they don‚Äôt own the Bitcoin, the lender of the debt does. 
Also, pretty sure the US and China don‚Äôt have any outstanding loans on the Bitcoin they‚Äôre holding.",1,0,https://i.redd.it/ve2i53r7wxoe1.jpeg
Comment,1jc8c3g,RefrigeratorLow1259,1742110852.0,"Who cares, he's a failed businessman..",1,0,https://i.redd.it/ve2i53r7wxoe1.jpeg
Comment,1jc8c3g,Mercedes_560SEL,1742111702.0,He is the new Bitcoin Jesus,1,0,https://i.redd.it/ve2i53r7wxoe1.jpeg
Comment,1jc8c3g,jeebojeeb,1742112359.0,Just don't look at what happened to mstr share price in early 2000,1,0,https://i.redd.it/ve2i53r7wxoe1.jpeg
Comment,1jc8c3g,O1G2026,1742112448.0,MSTR avg price 66k and BTC most likely will dip below 50k potentially 28k value are low range rotationüòÖ,1,0,https://i.redd.it/ve2i53r7wxoe1.jpeg
Comment,1jc8c3g,AdCool1233,1742115392.0,I struggle to see how is this any good honestly,1,0,https://i.redd.it/ve2i53r7wxoe1.jpeg
Comment,1jc8c3g,EpicMichaelFreeman,1742116190.0,That's a lot of funny internet money you got there,1,0,https://i.redd.it/ve2i53r7wxoe1.jpeg
Comment,1jc8c3g,moonkingdome,1742116436.0,Yep scary shit,1,0,https://i.redd.it/ve2i53r7wxoe1.jpeg
Comment,1jc8c3g,Unknown,1742117412.0,[removed],1,0,https://i.redd.it/ve2i53r7wxoe1.jpeg
Comment,1jc8c3g,Suspicious_Army_904,1742117560.0,"Ah yes, centralised control of the asset. So great that several entities that are already billionaires will have the lions share. So awesome. 

Nothing to see here.",1,0,https://i.redd.it/ve2i53r7wxoe1.jpeg
Comment,1jc8c3g,Hatate_scone,1742118587.0,Everyone sell and leave him with his bags,1,0,https://i.redd.it/ve2i53r7wxoe1.jpeg
Comment,1jc8c3g,HealthyMolasses8199,1742121803.0,"Microstrategy will be nationalized. It's only a matter of time

All those coins belong to US govt",1,0,https://i.redd.it/ve2i53r7wxoe1.jpeg
Comment,1jc8c3g,BadgerGirl1990,1742084862.0,"Wait till the USA and red states buy huge crypto reserves 

Mass sell off

Crash the US economy 

Laugh",1,0,https://i.redd.it/ve2i53r7wxoe1.jpeg
Comment,1jc8c3g,OverallHearing5,1742088315.0,This is how you know shit isn‚Äôt going anywhere. The global elite could never allow one man that much power.,1,0,https://i.redd.it/ve2i53r7wxoe1.jpeg
Comment,1jc8c3g,Ok_Ad_5894,1742085766.0,Um I think I do to. This is dumb,1,0,https://i.redd.it/ve2i53r7wxoe1.jpeg
Comment,1jc8c3g,DepartmentTall4891,1742086653.0,He won't stop buying until he owns them all and there are no more buyers left.   That's when BTC goes to zero.,1,0,https://i.redd.it/ve2i53r7wxoe1.jpeg
Comment,1jc8c3g,greasypizzagorilla,1742088732.0,First trillionaire in 2040,1,0,https://i.redd.it/ve2i53r7wxoe1.jpeg
Comment,1jc8c3g,FatFiFoFum,1742091525.0,*decentralized,1,0,https://i.redd.it/ve2i53r7wxoe1.jpeg
Comment,1jc8c3g,FnAardvark,1742095469.0,ITT: a lot of morons who don't have any idea what makes bitcoin decentralized.,1,0,https://i.redd.it/ve2i53r7wxoe1.jpeg
Comment,1jc8c3g,UnfortunatelySimple,1742086389.0,"That's also assuming the remote but real possibility that's either the USA,  the Chinese, or even the Russian government isn't Satoshi Nakamoto or doesn't now have keys to those wallets now. 

What better way to destroy America than have America build a massive wealth fund for your own country. 

The last major country to talk of a Bitcoin reserve might be the bag holder ready to create Choas.",0,0,https://i.redd.it/ve2i53r7wxoe1.jpeg
Comment,1jc8c3g,Angeloa22,1742082289.0,Ahead of his time,-3,0,https://i.redd.it/ve2i53r7wxoe1.jpeg
Comment,1jc8c3g,Unknown,1742082119.0,[deleted],-1,0,https://i.redd.it/ve2i53r7wxoe1.jpeg
Comment,1jc8c3g,Unknown,1742082244.0,[deleted],-1,0,https://i.redd.it/ve2i53r7wxoe1.jpeg
Comment,1jc8c3g,bedtimee,1742082672.0,What a g,-1,0,https://i.redd.it/ve2i53r7wxoe1.jpeg
Comment,1jc8c3g,I__G,1742082995.0,Michael Slayer,-3,0,https://i.redd.it/ve2i53r7wxoe1.jpeg
Comment,1jc8c3g,iPurchaseBitcoin,1742082150.0,BASED,-3,0,https://i.redd.it/ve2i53r7wxoe1.jpeg
Comment,1jc4ybg,erov,1742074697.0,Uncle Junior!,81,0,https://i.redd.it/mnlp8o9sxvoe1.png
Comment,1jc4ybg,HGDuck,1742072729.0,"""At your age, I was able to get a job that paid so good without even finishing school, I was able to provide for my entire family, buy a house for less than a year worth of pay and buy a brand new car for less than a month worth of pay, why can't you do the same today?""",118,0,https://i.redd.it/mnlp8o9sxvoe1.png
Comment,1jc4ybg,lavastorm,1742072972.0,and he paid for it all with tokens he cut from the back of a cereal packet!,31,0,https://i.redd.it/mnlp8o9sxvoe1.png
Comment,1jc4ybg,brandon0809,1742078016.0,did you hear about the Chinese god father? He made them an offer they couldn‚Äôt understand.,12,0,https://i.redd.it/mnlp8o9sxvoe1.png
Comment,1jc4ybg,Few-Reference7881,1742075609.0,Whatever happened there,8,0,https://i.redd.it/mnlp8o9sxvoe1.png
Comment,1jc4ybg,partymsl,1742076036.0,"Ah. The Merger... ancient times.

ETH is down 75% against BTC since then.",13,0,https://i.redd.it/mnlp8o9sxvoe1.png
Comment,1jc4ybg,6M66,1742082085.0,"Also u could buy a house, car, wife, dogs and cats  and several kid on a regular job dad! We can't.",3,0,https://i.redd.it/mnlp8o9sxvoe1.png
Comment,1jc4ybg,Pristine_Cheek_6093,1742073311.0,What‚Äôs going to merge?,6,0,https://i.redd.it/mnlp8o9sxvoe1.png
Comment,1jc4ybg,choochoomthfka,1742076681.0,Trustless ü§™,2,0,https://i.redd.it/mnlp8o9sxvoe1.png
Comment,1jc4ybg,ThinNeighborhood2276,1742112245.0,"No, but we had centralized systems that worked just fine.",2,0,https://i.redd.it/mnlp8o9sxvoe1.png
Comment,1jc4ybg,Abdeliq,1742073615.0,You got two kids at my age??? When tf do you started seeing woman lmaoüíÄ,1,0,https://i.redd.it/mnlp8o9sxvoe1.png
Comment,1jc4ybg,nature_nate_17,1742088106.0,Dad could also work at a gas station and afford a brand new truck back in the day‚Ä¶,1,0,https://i.redd.it/mnlp8o9sxvoe1.png
Comment,1jc4ybg,Unknown,1742092214.0,[removed],1,0,https://i.redd.it/mnlp8o9sxvoe1.png
Comment,1jc4ybg,AlluringStarrr,1742093585.0,Housing market vs. blockchain market‚Äîtwo completely different games üòÇ,1,0,https://i.redd.it/mnlp8o9sxvoe1.png
Comment,1jc4ybg,shanatard,1742109872.0,boomers dont know whats its like to hold ethereum...,1,0,https://i.redd.it/mnlp8o9sxvoe1.png
Comment,1jc4ybg,ecselent,1742120948.0,"If someone older would tell me something like this, my reply will be ‚ÄúOh, man, I‚Äôm so sorry for you‚Äù",1,0,https://i.redd.it/mnlp8o9sxvoe1.png
Comment,1jc4ybg,SimpleMoonFarmer,1742073073.0,How did the two kids turn up? Did you educate them well?,1,0,https://i.redd.it/mnlp8o9sxvoe1.png
Comment,1jc4ybg,cryptoripto123,1742080537.0,"Shrug. Boomers did have it easier but it's far from impossible for people today either. It's been a few years, but more than half of millennials own their own home now.

Also while there's some uncertainty in the stock market now, the past 10+ years of a booming market has actually propelled their assets to far better state than when people were busy whining years ago.

https://www.wsj.com/personal-finance/millennials-personal-finance-real-estate-50742ffe",-1,0,https://i.redd.it/mnlp8o9sxvoe1.png
Comment,1jc4ybg,TurnoverNeither8801,1742082554.0,Why does he look like Adrian Newey?,0,0,https://i.redd.it/mnlp8o9sxvoe1.png
Comment,1jcghib,coinfeeds-bot,1742112610.0,"tldr; Donald Trump‚Äôs crypto investment firm, World Liberty Financial (WLFI), has incurred significant losses, with its Ethereum holdings alone down $88 million. WLFI had purchased 67,880 ETH at an average price of $3,240 per token, but with Ethereum now around $2,000, the holdings are worth $132 million. The firm‚Äôs total portfolio has shrunk from $336 million to $226 million, reflecting a $110 million loss. Despite this, WLFI continues to invest in cryptocurrencies and has partnered with blockchain project Sui to explore new opportunities.

*This summary is auto generated by a bot and not meant to replace reading the original article. As always, DYOR.",10,0,https://coinstats.app/news/90fbe3cc059399619699620bb6b5a98ce486c64791ffc024ebec6b10126b9fdf_Donald-Trump%E2%80%99s-Crypto-Firm-WLFI-is-Down-%2488M-on-Ethereum/
Comment,1jcghib,TheSuspiciousSalami,1742113285.0,$88 mil on ETH but how many hundreds of millions up on all the tokens he rugged?,12,0,https://coinstats.app/news/90fbe3cc059399619699620bb6b5a98ce486c64791ffc024ebec6b10126b9fdf_Donald-Trump%E2%80%99s-Crypto-Firm-WLFI-is-Down-%2488M-on-Ethereum/
Comment,1jcghib,IcyLingonberry5007,1742114795.0,We need bull run round 2.. Rise of the alts.,4,0,https://coinstats.app/news/90fbe3cc059399619699620bb6b5a98ce486c64791ffc024ebec6b10126b9fdf_Donald-Trump%E2%80%99s-Crypto-Firm-WLFI-is-Down-%2488M-on-Ethereum/
Comment,1jcghib,partymsl,1742118674.0,"Well, either he will pump the prices or he was just as full of copium as all of us...",2,0,https://coinstats.app/news/90fbe3cc059399619699620bb6b5a98ce486c64791ffc024ebec6b10126b9fdf_Donald-Trump%E2%80%99s-Crypto-Firm-WLFI-is-Down-%2488M-on-Ethereum/
Comment,1jcghib,diwalost,1742115897.0,"Once upon a time, it was down $69M. Good old days",1,0,https://coinstats.app/news/90fbe3cc059399619699620bb6b5a98ce486c64791ffc024ebec6b10126b9fdf_Donald-Trump%E2%80%99s-Crypto-Firm-WLFI-is-Down-%2488M-on-Ethereum/
Comment,1jcghib,landswipe,1742118749.0,Not for long.,1,0,https://coinstats.app/news/90fbe3cc059399619699620bb6b5a98ce486c64791ffc024ebec6b10126b9fdf_Donald-Trump%E2%80%99s-Crypto-Firm-WLFI-is-Down-%2488M-on-Ethereum/
Comment,1jcghib,m1ndfulpenguin,1742119167.0,"Nice cope take. üëç , ü´õ üß† .",1,0,https://coinstats.app/news/90fbe3cc059399619699620bb6b5a98ce486c64791ffc024ebec6b10126b9fdf_Donald-Trump%E2%80%99s-Crypto-Firm-WLFI-is-Down-%2488M-on-Ethereum/
Comment,1jcghib,Alskiessss,1742115434.0,Good! That's what you get for having a r3tard3d economic policy,1,0,https://coinstats.app/news/90fbe3cc059399619699620bb6b5a98ce486c64791ffc024ebec6b10126b9fdf_Donald-Trump%E2%80%99s-Crypto-Firm-WLFI-is-Down-%2488M-on-Ethereum/
Comment,1jcghib,Abdeliq,1742111736.0,"Good..... Since Eric Trump is bullish on ETH, they should as well be down with the rest of cryptobros",1,0,https://coinstats.app/news/90fbe3cc059399619699620bb6b5a98ce486c64791ffc024ebec6b10126b9fdf_Donald-Trump%E2%80%99s-Crypto-Firm-WLFI-is-Down-%2488M-on-Ethereum/
Comment,1jcghib,kironet996,1742112951.0,trump better pimp the price.,0,0,https://coinstats.app/news/90fbe3cc059399619699620bb6b5a98ce486c64791ffc024ebec6b10126b9fdf_Donald-Trump%E2%80%99s-Crypto-Firm-WLFI-is-Down-%2488M-on-Ethereum/
Comment,1jcghib,Unknown,1742111584.0,[deleted],-1,0,https://coinstats.app/news/90fbe3cc059399619699620bb6b5a98ce486c64791ffc024ebec6b10126b9fdf_Donald-Trump%E2%80%99s-Crypto-Firm-WLFI-is-Down-%2488M-on-Ethereum/
Comment,1jcghib,robustofilth,1742116677.0,He‚Äôs got the shidus touch. Everything he touches turns to shit ü§£,-3,0,https://coinstats.app/news/90fbe3cc059399619699620bb6b5a98ce486c64791ffc024ebec6b10126b9fdf_Donald-Trump%E2%80%99s-Crypto-Firm-WLFI-is-Down-%2488M-on-Ethereum/
Comment,1jc4592,coinfeeds-bot,1742070006.0,"tldr; Four teens, aged 16-19, have been charged in a home invasion targeting online influencer Kaitlyn Siragusa, known as Amouranth. The suspects allegedly broke into her Houston home, demanded cryptocurrency, and pistol-whipped her. Siragusa led them to her husband, who fired shots, potentially injuring one suspect before they fled. Three suspects face charges of Aggravated Kidnapping and Aggravated Robbery with a Deadly Weapon. Bonds range from $100,000 to $200,000, with one suspect still unidentified.

*This summary is auto generated by a bot and not meant to replace reading the original article. As always, DYOR.",123,0,https://www.fox26houston.com/news/houston-crime-four-teens-charged-home-invasion-online-streamer
Comment,1jc4592,filenotfounderror,1742070788.0,"I thought she divorced her husband ages ago, though to be fair I don't exactly keep up with the lives of titty streamers.",100,0,https://www.fox26houston.com/news/houston-crime-four-teens-charged-home-invasion-online-streamer
Comment,1jc4592,Chef_Skippers,1742085158.0,"Why would you disclose having a significant amount of crypto, much less a specific ~$20m worth",57,0,https://www.fox26houston.com/news/houston-crime-four-teens-charged-home-invasion-online-streamer
Comment,1jc4592,Glitch_Ghoul,1742073039.0,Holy shit it was real?! Im shocked lmao,23,0,https://www.fox26houston.com/news/houston-crime-four-teens-charged-home-invasion-online-streamer
Comment,1jc4592,AbysmalScepter,1742073020.0,"I def thought this was staged when she originally claimed she shot them and then the reports came out that actually she didn't, it was her husband. Wild that some dumbasses actually tried to rob one of the wealthiest streamers as if they wouldn't get caught.",15,0,https://www.fox26houston.com/news/houston-crime-four-teens-charged-home-invasion-online-streamer
Comment,1jc4592,olioxnfree,1742107570.0,How does everyone know this person? First I‚Äôve heard of this story,4,0,https://www.fox26houston.com/news/houston-crime-four-teens-charged-home-invasion-online-streamer
Comment,1jc4592,timbulance,1742111128.0,Her husband was ready for that action,3,0,https://www.fox26houston.com/news/houston-crime-four-teens-charged-home-invasion-online-streamer
Comment,1jc4592,Reachin4ThoseGrapes,1742100114.0,"No empathy for this woman and her husband, sorry",4,0,https://www.fox26houston.com/news/houston-crime-four-teens-charged-home-invasion-online-streamer
Comment,1jc4592,KarateKid84Fan,1742094906.0,"How did they know he owned bitcoin? Oh - he publicly announced it to the world, that‚Äôs how‚Ä¶",2,0,https://www.fox26houston.com/news/houston-crime-four-teens-charged-home-invasion-online-streamer
Comment,1jc4592,czarchastic,1742107216.0,"So she was at home, talking to to her husband who was also home, using a phone?",1,0,https://www.fox26houston.com/news/houston-crime-four-teens-charged-home-invasion-online-streamer
Comment,1jc4592,ryoma-gerald,1742117546.0,"The robbery was stupid, but disclosing your Bitcoin amount was even more stupid",1,0,https://www.fox26houston.com/news/houston-crime-four-teens-charged-home-invasion-online-streamer
Comment,1jc4592,Calibased,1742120639.0,"This bitch has 20m in bitcoin??? Jesus. Also, where‚Äôs the footage?",1,0,https://www.fox26houston.com/news/houston-crime-four-teens-charged-home-invasion-online-streamer
Comment,1jc4592,WiseChest8227,1742071501.0,Why would you announce you're holdings like that. I would not be surprised if this still turns out to be staged.,-14,0,https://www.fox26houston.com/news/houston-crime-four-teens-charged-home-invasion-online-streamer
Comment,1jc5cue,kwinchi,1742073502.0,certain volatility as trump takes another breath\*,182,0,https://www.newsweek.com/donald-trump-launches-decisive-military-action-yemen-houthis-2045462
Comment,1jc5cue,coinfeeds-bot,1742073610.0,"tldr; President Donald Trump announced a 'decisive and powerful' military action against Yemen's Iran-backed Houthi movement, targeting their bases, leaders, and missile defenses. The move aims to protect American assets and restore navigational freedom in the Red Sea and Gulf of Aden, where Houthi attacks have disrupted shipping and raised costs. Trump criticized the Biden administration's earlier delisting of the Houthis as a terrorist group and warned Iran against supporting them. The strikes mark the most significant military action of Trump's second term.

*This summary is auto generated by a bot and not meant to replace reading the original article. As always, DYOR.",32,0,https://www.newsweek.com/donald-trump-launches-decisive-military-action-yemen-houthis-2045462
Comment,1jc5cue,OneManGangTootToot,1742073525.0,No WaR pReSiDeNt,190,0,https://www.newsweek.com/donald-trump-launches-decisive-military-action-yemen-houthis-2045462
Comment,1jc5cue,superchiva78,1742084352.0,The most anti-war president ever huh?,18,0,https://www.newsweek.com/donald-trump-launches-decisive-military-action-yemen-houthis-2045462
Comment,1jc5cue,RandoDude124,1742091276.0,"Remember when he said no new wars?

#Pepperidge Farm remembers",8,0,https://www.newsweek.com/donald-trump-launches-decisive-military-action-yemen-houthis-2045462
Comment,1jc5cue,Srnkanator,1742074935.0,"What does this have to do with cryptocurrency?

Lots of Yemeni miners on drone boats going after cargo ships carrying GPU's?",21,0,https://www.newsweek.com/donald-trump-launches-decisive-military-action-yemen-houthis-2045462
Comment,1jc5cue,ivmo71,1742080442.0,....I'll end that war in one day,7,0,https://www.newsweek.com/donald-trump-launches-decisive-military-action-yemen-houthis-2045462
Comment,1jc5cue,Gh0st_Pirate_LeChuck,1742074673.0,Same shit different toilet.,7,0,https://www.newsweek.com/donald-trump-launches-decisive-military-action-yemen-houthis-2045462
Comment,1jc5cue,Hiyahue,1742074888.0,Defeating the houthis who are bombing the cargo and oil ships passing through the strait of bab al-mandab (most of the time they miss) should actually make stonks go up¬†,48,0,https://www.newsweek.com/donald-trump-launches-decisive-military-action-yemen-houthis-2045462
Comment,1jc5cue,RAH7719,1742089784.0,"Trump has started this war for two purposes... 

#1 - so he can invoke the wartime Alien Enemies Act of 1798.

#2 - so he remains President during a time of war.",5,0,https://www.newsweek.com/donald-trump-launches-decisive-military-action-yemen-houthis-2045462
Comment,1jc5cue,franco182,1742077671.0,Yemen first? Panama second? What happened to America first..,8,0,https://www.newsweek.com/donald-trump-launches-decisive-military-action-yemen-houthis-2045462
Comment,1jc5cue,AdhesivenessCivil581,1742075244.0,Houti's being supported by Russia so that is interesting.,5,0,https://www.newsweek.com/donald-trump-launches-decisive-military-action-yemen-houthis-2045462
Comment,1jc5cue,GreedVault,1742082468.0,Volatility is the main characteristic of the Trump administration.,3,0,https://www.newsweek.com/donald-trump-launches-decisive-military-action-yemen-houthis-2045462
Comment,1jc5cue,xtra_clueless,1742075669.0,"Just to add to that: He also asked the [US Military to develop plans to take the Panama Canal](https://www.nbcnews.com/politics/national-security/trump-white-house-asked-us-military-develop-options-panama-canal-offic-rcna195994). He's been pretty straight forward and actually did what he said he would do. This doesn't seem to be just a negotiation tactic.   
  
This comes after the Hong Kong firm, who operated two of the ports on the Canal since 1997 has decided to [sell those to BlackRock](https://www.bbc.com/news/articles/clyzlk259g2o) under the pressure. What more does Trump even want?

Tariffs aren't the only thing that can shake the markets...",3,0,https://www.newsweek.com/donald-trump-launches-decisive-military-action-yemen-houthis-2045462
Comment,1jc5cue,faxanaduu,1742078522.0,"And you thought you'd get no drama from the WH this weekend. 

Not a whole lot of longevity left so hold tight.",4,0,https://www.newsweek.com/donald-trump-launches-decisive-military-action-yemen-houthis-2045462
Comment,1jc5cue,inShambles3749,1742073389.0,Why can't this old orange fuck just finally kick the bucket..,16,0,https://www.newsweek.com/donald-trump-launches-decisive-military-action-yemen-houthis-2045462
Comment,1jc5cue,holmwreck,1742078198.0,"All you regards who voted for him ‚ÄúbEcAuSe HeS pRo CrYpTo‚Äù 

GO FUCK YOURSELF",5,0,https://www.newsweek.com/donald-trump-launches-decisive-military-action-yemen-houthis-2045462
Comment,1jc5cue,Uwantmedowhat,1742080345.0,"""Have you seen Yemen? It's beautiful, beautiful. I've seen it! Amazing, gorgeous. We're going to get rid of those Houthi terrorists out of there, gone. Make Yemen great again!""",2,0,https://www.newsweek.com/donald-trump-launches-decisive-military-action-yemen-houthis-2045462
Comment,1jc5cue,PM_Me_Ur_Clues,1742102644.0,"wait... foreign intervention and starting a new war?  Oh, sorry,  I mean ""p0L1c3 4c7ion"".

it's not a war, they're just gonna spend a lot of money to go to a foreign country and kill a lot of strangers. no big whup.  I mean, it's not like this has ever turned out bad for everyone or anything.  also, something, something ukraine TOTALLY started a war by defending themselves foreign invasion and I thought this new President guy in America was anti-war?

Oh, I get it.  It's OK to invade a country, it's just not OK for the invaded people to fight back. Now I understand.  this will be fine for the global economy and market stability. Oh hey, maybe the US will annex Yemen too along with Canada and Greenland.  I'm sure that will spread positive consumer globally and trade will be better than ever!  /s",2,0,https://www.newsweek.com/donald-trump-launches-decisive-military-action-yemen-houthis-2045462
Comment,1jc5cue,FUBOSOFI,1742075044.0,I love some good crypto FUD but this is a nothing burger. Even sleepy Joe let the pirates have it.,5,0,https://www.newsweek.com/donald-trump-launches-decisive-military-action-yemen-houthis-2045462
Comment,1jc5cue,bestjaegerpilot,1742073726.0,"why is is this volatility.... 

war is never great but volatility would be caused by a protracted engagement... and i don't think this is the case",3,0,https://www.newsweek.com/donald-trump-launches-decisive-military-action-yemen-houthis-2045462
Comment,1jc5cue,ExplanationDull5984,1742073921.0,"This can be only good, the Houthis are a pain in the ass for global trading",3,0,https://www.newsweek.com/donald-trump-launches-decisive-military-action-yemen-houthis-2045462
Comment,1jc5cue,AdhesivenessCivil581,1742075258.0,Houti's being supported by Russia so that is interesting.,2,0,https://www.newsweek.com/donald-trump-launches-decisive-military-action-yemen-houthis-2045462
Comment,1jc5cue,AngryBlackNerd,1742074726.0,"Airstrikes against Yeman aren't going to impact the markets in any meaningful way. People can say what they want about agent orange, but he isn't doing anything the last administration wasn't doing when it comes to Yeman.

His tariff stupidity is much more impactful to the markets than dropping bombs on one of the poorest countries in the world.",2,0,https://www.newsweek.com/donald-trump-launches-decisive-military-action-yemen-houthis-2045462
Comment,1jc5cue,iCryptToo,1742075102.0,We‚Äôve been bombing Yemen for so long you could level a fkn pool table on it though‚Ä¶,1,0,https://www.newsweek.com/donald-trump-launches-decisive-military-action-yemen-houthis-2045462
Comment,1jc5cue,Unknown,1742095515.0,[removed],1,0,https://www.newsweek.com/donald-trump-launches-decisive-military-action-yemen-houthis-2045462
Comment,1jc5cue,Gebzzyo,1742113066.0,"Maybe Trump skipped peace because it almost got him shot.

Now he is the bitcoin pump warmonger :)",1,0,https://www.newsweek.com/donald-trump-launches-decisive-military-action-yemen-houthis-2045462
Comment,1jc5cue,ThinNeighborhood2276,1742113570.0,Geopolitical events like military actions can indeed cause market volatility. Keep an eye on how this impacts crypto prices.,1,0,https://www.newsweek.com/donald-trump-launches-decisive-military-action-yemen-houthis-2045462
Comment,1jc5cue,BN_Boi,1742117889.0,Whats yemen ? A bitcoin factory ? No ? Then 0 impact,1,0,https://www.newsweek.com/donald-trump-launches-decisive-military-action-yemen-houthis-2045462
Comment,1jc5cue,tianavitoli,1742073673.0,nobody cares about yemen,-3,0,https://www.newsweek.com/donald-trump-launches-decisive-military-action-yemen-houthis-2045462
Comment,1jc5cue,SimpleMoonFarmer,1742080087.0,People cannot even point at where Yemen is in a map‚Ä¶,-1,0,https://www.newsweek.com/donald-trump-launches-decisive-military-action-yemen-houthis-2045462
Comment,1jc5cue,Life-Duty-965,1742077857.0,When has it not been volatile lol,0,0,https://www.newsweek.com/donald-trump-launches-decisive-military-action-yemen-houthis-2045462
Comment,1jchwdw,coinfeeds-bot,1742118006.0,"tldr; Chainlink has unlocked 19 million LINK tokens worth $262 million in its quarterly token release. Of these, $205 million worth of LINK was sent to Binance, while $57 million was transferred to a multi-signature address for staking rewards. Since 2022, 163.65 million LINK ($1.81 billion) have been unlocked and sent to Binance. Despite these large transfers, they have not significantly impacted LINK's price in the short term. LINK is currently trading at $14.02, down 73% from its all-time high.

*This summary is auto generated by a bot and not meant to replace reading the original article. As always, DYOR.",3,0,https://dailyhodl.com/2025/03/16/chainlink-unlocks-19000000-link-worth-262000000-sends-majority-to-binance-on-chain-data/
Comment,1jchwdw,partymsl,1742118716.0,Not a big deal.,3,0,https://dailyhodl.com/2025/03/16/chainlink-unlocks-19000000-link-worth-262000000-sends-majority-to-binance-on-chain-data/
Comment,1jcg4x2,lordchickenburger,1742111439.0,The Americans have a duty to fund my retirement through their tax monies. Let america burn to the ground again,6,0,https://www.theblock.co/post/346481/only-10-of-americans-support-increasing-federal-funding-for-crypto-majority-oppose-reserve-poll
Comment,1jcg4x2,KIG45,1742110417.0,"""51% of the survey's respondents said they oppose the proposed reserve, while 34% supported it. 15% said they were unsure.""


The progress is huge, though. 4 years ago, the opponents of crypto were many times more numerous.",2,0,https://www.theblock.co/post/346481/only-10-of-americans-support-increasing-federal-funding-for-crypto-majority-oppose-reserve-poll
Comment,1jcg4x2,thinkingperson,1742112310.0,"When the reserve start growing because of crypto, you'll see them all rushing to support it.",1,0,https://www.theblock.co/post/346481/only-10-of-americans-support-increasing-federal-funding-for-crypto-majority-oppose-reserve-poll
Comment,1jcg4x2,ThreeTonChonker,1742120632.0,"Almost like no one has any clue what they‚Äôre talking about and polls are useless.

All the shitcoiners and nocoiners can scream their little hearts out in this sub but the reality is that a Bitcoin strategic reserve would be a good thing longterm for the US.

Trump and Elon are grifters but this would be an accidental great move.",1,0,https://www.theblock.co/post/346481/only-10-of-americans-support-increasing-federal-funding-for-crypto-majority-oppose-reserve-poll
Comment,1jcg4x2,Cryptognito,1742110172.0,"* Only 10% of Americans UNDERSTAND crypto 
?",1,0,https://www.theblock.co/post/346481/only-10-of-americans-support-increasing-federal-funding-for-crypto-majority-oppose-reserve-poll
Comment,1jc8d8n,brainfreeze3,1742084019.0,"Many refuse to accept the patterns cant hold forever. 

Once market caps become too large, doubling cant occur anymore.

Etf's and other traditional investments sync up bitcoin investment with standard drip investing. This brings a closer match to the sp500 by average americans just putting their money ""in the market"" over time.

Halvings by definition are half as impactful as the previous halving. Lowering bitcoin output by 64>32>16>4>2>1 makes for smaller supply shocks over time. Lowering by 1 BTC doesnt hit the same as -32 BTC.

Theres also a cap on the amount of humans in the world. Everyone has heard of it, so now potential new holders are limited to legalization, the birth rate and people changing their mind. Its a slower adoption rate than before.

I can go on and on but things do change and over relying on some patterns is a recipe to lose your life savings in ""alt season"" or whatever.",68,0,https://www.reddit.com/r/CryptoCurrency/comments/1jc8d8n/what_happened_to_the_4_year_cycle_the_sp500_is/
Comment,1jc8d8n,Dogs_Pics_Tech_Lift,1742082481.0,"So you can‚Äôt make a historical claim based off a low total market cap asset class based off 12 years of data. Maybe the 4 year cycle exists and we‚Äôre still waiting. But you need to realize that 

1. Every 4 year cycle thus far was during quantitative easing when money was printed

2. Every cycle thus far started substantially below a 1T total crypto market cap and this one started with a total crypto market cap around 1T

3. There used to be very few coins to distribute the liquidity and now there are thousands of coins made per day with degens losing their moms money

Plus many other things I‚Äôm not stating. 

Life is dynamic and nothing is definite.",78,0,https://www.reddit.com/r/CryptoCurrency/comments/1jc8d8n/what_happened_to_the_4_year_cycle_the_sp500_is/
Comment,1jc8d8n,nionios_k,1742086373.0,"Crypto is pure sentiment. No patterns, no historical data, no cycles. When you accept that you will reach a point where you will start making money and sleep easier at night",24,0,https://www.reddit.com/r/CryptoCurrency/comments/1jc8d8n/what_happened_to_the_4_year_cycle_the_sp500_is/
Comment,1jc8d8n,CipherScarlatti,1742082978.0,"Jesus the people trying to read the market because ""It's supposed to do this. Because it used to do this last time were were here."" is like watching people with weird superstitions plan their day.

""I can't eat cereal today. The tea leaves said not to.""",63,0,https://www.reddit.com/r/CryptoCurrency/comments/1jc8d8n/what_happened_to_the_4_year_cycle_the_sp500_is/
Comment,1jc8d8n,AvatarOfMomus,1742093762.0,"Because Bitcoin and Crypto more generally has always been about cherry picking facts and changing stories to fit new developments.

A lot of this isn't really unique to Bitcoin, but it is something shared with a lot of 'faith before reason' speculative investments. You see similar discussions and long term narratives in goldbug groups, prepper groups, etc.

There's also a decent subset of patterns you'll see in loads of other places line fans of a particular bit of media defending it to the hilt against any perceived attack, or the semi-magical thinking patterns with movies like even vs odd Star Trek movies.

The ultimate lesson is that simple rules don't work for complex systems. Full stop.

Humans love to see patterns, but we're not super great at dealing with complex systems without a lot of effort and training in the particular systems in question. Thus we end up with a lot of people with little to no specialist knowledge spotting what appear to be simple and reliable patterns and treating them as rules when they're not.",6,0,https://www.reddit.com/r/CryptoCurrency/comments/1jc8d8n/what_happened_to_the_4_year_cycle_the_sp500_is/
Comment,1jc8d8n,DefiGuy101,1742087535.0,If we follow the 4 year cycle. Bitcoin is expected to peak in November of 2021 and alts in late 2021 to early 2022. Not sure what this post is about then? Bitcoin peaked in 2017 November /December. Bitcoin peaked in 2021 November we we are still on track for 2025 November. This post is just stupid without doing the research,17,0,https://www.reddit.com/r/CryptoCurrency/comments/1jc8d8n/what_happened_to_the_4_year_cycle_the_sp500_is/
Comment,1jc8d8n,Jtenka,1742084625.0,"Anybody who thinks an asset will double every 4 years for its entire existence is thick as shit. It HAS to temporarily peak somewhere and there will be slower periods of growth. There isn't infinite money flowing into it.

The only people who are mad about 'alt season' not happening are those who are mad they couldn't offload their bags on other people.


>Literally nothing can be predicted or even assumed.

This is the golden rule.",5,0,https://www.reddit.com/r/CryptoCurrency/comments/1jc8d8n/what_happened_to_the_4_year_cycle_the_sp500_is/
Comment,1jc8d8n,Simple-Friend,1742100836.0,It's almost as if historical performance is not a guarantee of what will happen in the future...,5,0,https://www.reddit.com/r/CryptoCurrency/comments/1jc8d8n/what_happened_to_the_4_year_cycle_the_sp500_is/
Comment,1jc8d8n,nameless_pattern,1742082753.0,"People kept on repeating the 4-year cycle being a thing like it was the law of supply and demand.


The market is only 15 years old. None of the patterns of the first 15 years of the stock market are relevant today, except for bubbles popping.


The pattern doesn't even make sense.


¬†everybody who's even minorly familiar with crypto has heard of the 4-year cycle meme, so they could just front run that pattern. But once everybody's front running it then it's no longer happening in that time frame. And such circumstance you would have the peak coming early, from the purchases of the people who are buying ahead of it.¬†


Past performance is not necessarily predictive of future performance.¬†


¬†Alpha comes from information disparity advantage.




A pattern that everyone knows is not advantageous.",16,0,https://www.reddit.com/r/CryptoCurrency/comments/1jc8d8n/what_happened_to_the_4_year_cycle_the_sp500_is/
Comment,1jc8d8n,Plantsnstuff,1742085020.0,ü§£,4,0,https://www.reddit.com/r/CryptoCurrency/comments/1jc8d8n/what_happened_to_the_4_year_cycle_the_sp500_is/
Comment,1jc8d8n,Masta0nion,1742095566.0,The majority of BTC is owned by major institutions now.,4,0,https://www.reddit.com/r/CryptoCurrency/comments/1jc8d8n/what_happened_to_the_4_year_cycle_the_sp500_is/
Comment,1jc8d8n,Jlt42000,1742097369.0,Charts don‚Äôt predict the future,4,0,https://www.reddit.com/r/CryptoCurrency/comments/1jc8d8n/what_happened_to_the_4_year_cycle_the_sp500_is/
Comment,1jc8d8n,wawaweewahwe,1742083088.0,"The larger the market cap, the less volatile an asset will be.",9,0,https://www.reddit.com/r/CryptoCurrency/comments/1jc8d8n/what_happened_to_the_4_year_cycle_the_sp500_is/
Comment,1jc8d8n,InclineDumbbellPress,1742082661.0,"Ive been here since 2019. It only gets crazier man

![gif](giphy|fUQ4rhUZJYiQsas6WD)",8,0,https://www.reddit.com/r/CryptoCurrency/comments/1jc8d8n/what_happened_to_the_4_year_cycle_the_sp500_is/
Comment,1jc8d8n,ItzCStephCS,1742083819.0,"Cycle? there‚Äôs no cycle in crypto like there‚Äôs weather seasons lol, y‚Äôall are delusional if you believe that shit.",8,0,https://www.reddit.com/r/CryptoCurrency/comments/1jc8d8n/what_happened_to_the_4_year_cycle_the_sp500_is/
Comment,1jc8d8n,ehh_little-comment,1742084529.0,Because crypto(Bitcoin) is just a glorified tech stock now. It rises and falls lockstep with the stock market. The charts look identical,6,0,https://www.reddit.com/r/CryptoCurrency/comments/1jc8d8n/what_happened_to_the_4_year_cycle_the_sp500_is/
Comment,1jc8d8n,BeatsMeByDre,1742082558.0,Maybe you could watch the news.  The world has changed and we are heading into 1984.,7,0,https://www.reddit.com/r/CryptoCurrency/comments/1jc8d8n/what_happened_to_the_4_year_cycle_the_sp500_is/
Comment,1jc8d8n,AGROCRAG004,1742086169.0,4 year cycle is fuckin dead new territory has begun goodluck,2,0,https://www.reddit.com/r/CryptoCurrency/comments/1jc8d8n/what_happened_to_the_4_year_cycle_the_sp500_is/
Comment,1jc8d8n,PM_Me_Ur_Clues,1742102052.0,"dude, look at the market chaos.  this year's data is going to be screwed. maybe next year too.  we're all getting into some hard uncharted territory with this tariff madness and the opening volley of what could be America's worst trade war since the one that when combined with the Dust Bowl triggered the Great Depression in 1929.

why do you think the price on gold is mooning right now?",2,0,https://www.reddit.com/r/CryptoCurrency/comments/1jc8d8n/what_happened_to_the_4_year_cycle_the_sp500_is/
Comment,1jc8d8n,chinaskyi,1742115874.0,"I had been in love with Bitcoin since 2013‚Äîuntil a few months ago. Now I‚Äôm completely out. Of course, Trump‚Äôs attitude towards BTC had an influence, but what influenced me the most was the changing narrative on the fly to maintain hopium and hype.

First, it was the technology, then decentralization, then scarcity‚Ä¶ Now, the new narrative is money printing. You‚Äôll see hundreds of posts talking about it in crypto sub, discussing how Bitcoin will skyrocket when central bank money printing arrives. They talk about that, along with the utterly insane statements from BTC maximalists, in a race to see who can make the highest prediction. One guy predicts 400K, and the next day someone raises the bet to 1M. And the following week, someone else bets on 7M. And Bitcoiners are melting with hopium.

Currently, the crypto world reeks of a pyramid scheme like never before.",2,0,https://www.reddit.com/r/CryptoCurrency/comments/1jc8d8n/what_happened_to_the_4_year_cycle_the_sp500_is/
Comment,1jc8d8n,HalcyoNighT,1742083311.0,Trump happened,3,0,https://www.reddit.com/r/CryptoCurrency/comments/1jc8d8n/what_happened_to_the_4_year_cycle_the_sp500_is/
Comment,1jc8d8n,DIY_CIO,1742082713.0,"Bitcoin will continue to rise, maybe a bit more slowly but it is the blue chip of crypto.  I‚Äôm not a maxi so will tell you XRP has been defying gravity and is getting ready to moon.",1,0,https://www.reddit.com/r/CryptoCurrency/comments/1jc8d8n/what_happened_to_the_4_year_cycle_the_sp500_is/
Comment,1jc8d8n,jadequarter,1742087602.0,btc is already top 10 asset class in the world,1,0,https://www.reddit.com/r/CryptoCurrency/comments/1jc8d8n/what_happened_to_the_4_year_cycle_the_sp500_is/
Comment,1jc8d8n,MinyMine,1742088342.0,Bitocin is a hodl,1,0,https://www.reddit.com/r/CryptoCurrency/comments/1jc8d8n/what_happened_to_the_4_year_cycle_the_sp500_is/
Comment,1jc8d8n,_Lung,1742088676.0,The pattern is not to double every 4 years how could that be built in. It reached a new ATH that‚Äôs what the cycles refer to. The end game for BTC is to have near flat growth (stability). If you‚Äôre a BTC maxi & believe all global value will be represented in BTC then at some point the price will only increase as much as global value grows which currently is 3.7% per year,1,0,https://www.reddit.com/r/CryptoCurrency/comments/1jc8d8n/what_happened_to_the_4_year_cycle_the_sp500_is/
Comment,1jc8d8n,Arlennx,1742090159.0,"I would say we were heading into the cycle, the problem is Trump. His tariffs sparked inflation fears and stomped the brakes on the bull run. Makes no sense to have a bull run when Trump is trying to crash the market.",1,0,https://www.reddit.com/r/CryptoCurrency/comments/1jc8d8n/what_happened_to_the_4_year_cycle_the_sp500_is/
Comment,1jc8d8n,Ok-Grapefruit1284,1742091140.0,Time inflation,1,0,https://www.reddit.com/r/CryptoCurrency/comments/1jc8d8n/what_happened_to_the_4_year_cycle_the_sp500_is/
Comment,1jc8d8n,Ashamed-Sea-6044,1742091586.0,These way less in bitcoin these days compared to 2013 and 2017. Less risk means less reward. You‚Äôll still do fine just keep accumulating.,1,0,https://www.reddit.com/r/CryptoCurrency/comments/1jc8d8n/what_happened_to_the_4_year_cycle_the_sp500_is/
Comment,1jc8d8n,Idaho1964,1742092071.0,The S&P500 went up because of earnings. BTC went up because of speculation without utility. A big difference.,1,0,https://www.reddit.com/r/CryptoCurrency/comments/1jc8d8n/what_happened_to_the_4_year_cycle_the_sp500_is/
Comment,1jc8d8n,Competitive_Swan_755,1742093421.0,The idiots who think history repeats itself exactly every time.......üôÑüôÑüôÑ,1,0,https://www.reddit.com/r/CryptoCurrency/comments/1jc8d8n/what_happened_to_the_4_year_cycle_the_sp500_is/
Comment,1jc8d8n,yagabare,1742093445.0,womp womp,1,0,https://www.reddit.com/r/CryptoCurrency/comments/1jc8d8n/what_happened_to_the_4_year_cycle_the_sp500_is/
Comment,1jc8d8n,cu8er,1742094547.0,"We are in it. This is significantly different that it stretched out over a significant period of time because it‚Äôs legalizing, formatting and being embraced hold on tight it‚Äôs about to go BOOOOOOM!!!",1,0,https://www.reddit.com/r/CryptoCurrency/comments/1jc8d8n/what_happened_to_the_4_year_cycle_the_sp500_is/
Comment,1jc8d8n,Chuu,1742096600.0,Trying to read four year cycles into an entire new asset class that is only 15 years old is kinda dumb.,1,0,https://www.reddit.com/r/CryptoCurrency/comments/1jc8d8n/what_happened_to_the_4_year_cycle_the_sp500_is/
Comment,1jc8d8n,Unknown,1742098065.0,[removed],1,0,https://www.reddit.com/r/CryptoCurrency/comments/1jc8d8n/what_happened_to_the_4_year_cycle_the_sp500_is/
Comment,1jc8d8n,Unknown,1742099918.0,[removed],1,0,https://www.reddit.com/r/CryptoCurrency/comments/1jc8d8n/what_happened_to_the_4_year_cycle_the_sp500_is/
Comment,1jc8d8n,Aresoprimaltho,1742101041.0,"""what shit luck the class of 21 has!"" Lolol. You're a baby. You have absolutely no idea. Suffer for another decade at least and then maybe you'll start to know.",1,0,https://www.reddit.com/r/CryptoCurrency/comments/1jc8d8n/what_happened_to_the_4_year_cycle_the_sp500_is/
Comment,1jc8d8n,platinumgrey,1742101211.0,You are trying to invest in a speculative market. Do you don‚Äôt know the difference between investing and speculating?,1,0,https://www.reddit.com/r/CryptoCurrency/comments/1jc8d8n/what_happened_to_the_4_year_cycle_the_sp500_is/
Comment,1jc8d8n,Logan7Identify,1742103062.0,"Remember the sarcastic common jibe on here last bull-run: ""Yeah, this time it'll be different"" ? 

Wonder where all those commenters are now?",1,0,https://www.reddit.com/r/CryptoCurrency/comments/1jc8d8n/what_happened_to_the_4_year_cycle_the_sp500_is/
Comment,1jc8d8n,Rayl24,1742105073.0,"You're the new bag holder this time. The rest of us held from the last cycle and sold in profit.


What, you expect to double your money in your first cycle?",1,0,https://www.reddit.com/r/CryptoCurrency/comments/1jc8d8n/what_happened_to_the_4_year_cycle_the_sp500_is/
Comment,1jc8d8n,MaximumStudent1839,1742107475.0,"> breaking all these norms to the downside.

Did you just come in recently?

In the bear, BTC already broke one of its trend: it fell below its previous cycle's ATH. The ""stock-and-flow"" model had to be squinted so many times to make sense of it. 

These patterns are bull shit. The only worth thing to do, is just prepare your finances and sit on your arse until it start moving upward again. It is ""digital gold"", remember? It is meant to be boring eventually.",1,0,https://www.reddit.com/r/CryptoCurrency/comments/1jc8d8n/what_happened_to_the_4_year_cycle_the_sp500_is/
Comment,1jc8d8n,Neonbelly22,1742108513.0,"Um, I absolutely refuse to believe $109k was tops.  Sue me",1,0,https://www.reddit.com/r/CryptoCurrency/comments/1jc8d8n/what_happened_to_the_4_year_cycle_the_sp500_is/
Comment,1jc8d8n,gamefidelio,1742109898.0,"New ATH depends also on new money being printed. 

At some point to double the price of anything, much more new money has to flow to that same market. 

Not to mention now we have insane amount of new tokens created daily, so same amount of money gets spread to go in many more tokens.",1,0,https://www.reddit.com/r/CryptoCurrency/comments/1jc8d8n/what_happened_to_the_4_year_cycle_the_sp500_is/
Comment,1jc8d8n,dDtaK,1742111226.0,"The past is not a guide to the future, this is Investing 101 and is understood by everybody apart from Crypto bros endlessly looking for ‚Äúcycles‚Äù. The point is that anything that could be predicted would be priced in by the market anyway.",1,0,https://www.reddit.com/r/CryptoCurrency/comments/1jc8d8n/what_happened_to_the_4_year_cycle_the_sp500_is/
Comment,1jc8d8n,drdaz,1742113578.0,Bitcoin has been fully consumed by the system it was supposed to disrupt.,1,0,https://www.reddit.com/r/CryptoCurrency/comments/1jc8d8n/what_happened_to_the_4_year_cycle_the_sp500_is/
Comment,1jc8d8n,MichaelAischmann,1742114875.0,"Hoomans look for patterns to help us categorize the world. The more often a pattern holds true, the more we get surprised when it doesn't.

The halvings are not so widely known and understood that their effect is deminishing.",1,0,https://www.reddit.com/r/CryptoCurrency/comments/1jc8d8n/what_happened_to_the_4_year_cycle_the_sp500_is/
Comment,1jc8d8n,Life-Duty-965,1742115817.0,"People are very ""good"" at seeing patterns. 

But there is no rule that says these patterns have to hold.

Representative heuristics were useful to our hunter gatherer self's.  If you catch fish at one lake a few times, it's probably worth learning that this lake is a good source of fish.

However this isn't useful for solving complex problems.

At that point we learned that the scientific method was a better way of improving our knowledge.

But when it comes to bitcoin price, all we are doing is looking at patterns and guessing.

Make enough guesses and you'll be right occasionally.  

It's not science though.

We should instinctively know that we don't ""know"" what will happen.

So many get caught up in these narratives.",1,0,https://www.reddit.com/r/CryptoCurrency/comments/1jc8d8n/what_happened_to_the_4_year_cycle_the_sp500_is/
Comment,1jc8d8n,ofyellow,1742116048.0,"Sips tea...


Hmm who would have thought....",1,0,https://www.reddit.com/r/CryptoCurrency/comments/1jc8d8n/what_happened_to_the_4_year_cycle_the_sp500_is/
Comment,1jc8d8n,Annual_Juggernaut_47,1742117088.0,"The patterns are still there. They just aren‚Äôt as simple as you describe them. 

Price increases, like doubling, aren‚Äôt constant, they follow a decay function. 

It‚Äôs not Bitcoins fault you‚Äôve been listening to dumb people talk about Bitcoin.",1,0,https://www.reddit.com/r/CryptoCurrency/comments/1jc8d8n/what_happened_to_the_4_year_cycle_the_sp500_is/
Comment,1jc8d8n,ruffprod84,1742118936.0,Two words. Tether and Printing.,1,0,https://www.reddit.com/r/CryptoCurrency/comments/1jc8d8n/what_happened_to_the_4_year_cycle_the_sp500_is/
Comment,1jc8d8n,Any-Umpire2243,1742119760.0,It's inevitable that cycles will become longer and less volatile as more money enters the market.,1,0,https://www.reddit.com/r/CryptoCurrency/comments/1jc8d8n/what_happened_to_the_4_year_cycle_the_sp500_is/
Comment,1jc8d8n,ubiq1er,1742121415.0,"I'll make it simple : ""At this point, we exhausted the reservoir of new buyers"".

Not enough new buyers on Earth. World population (the wealthy ones with high hope and some money) is not enough anymore.

From now on, as the entire crypto market has no other use than to be a store of value, it will become more and more that, like gold.

PS : as I'm often wrong, I'm writing this to be proven wrong by the future, in a fit of superstitiousness.",1,0,https://www.reddit.com/r/CryptoCurrency/comments/1jc8d8n/what_happened_to_the_4_year_cycle_the_sp500_is/
Comment,1jc8d8n,No-Introduction-6368,1742121563.0,Dividends,1,0,https://www.reddit.com/r/CryptoCurrency/comments/1jc8d8n/what_happened_to_the_4_year_cycle_the_sp500_is/
Comment,1jc8d8n,Drizznarte,1742122440.0,"Bitcoin has out grown the cycle , it was always going to get less and less significant. There is nothing wrong with that , (  late people be salty ).",1,0,https://www.reddit.com/r/CryptoCurrency/comments/1jc8d8n/what_happened_to_the_4_year_cycle_the_sp500_is/
Comment,1jc8d8n,alexzim,1742086495.0,"You didn‚Äôt really believe you found an infinite money glitch, right? 

The more people need Bitcoin, the less growth it‚Äôs gonna produce. Counter intuitive, I know. It‚Äôs going to grow, but not quick and it‚Äôs not going to grow endlessly even in ideal conditions. And they‚Äôre far from ideal

I am completely financially uneducated though, feel free to argue I‚Äôll be happy to learn something new",1,0,https://www.reddit.com/r/CryptoCurrency/comments/1jc8d8n/what_happened_to_the_4_year_cycle_the_sp500_is/
Comment,1jc8d8n,MachinimaGothic,1742086460.0,"What happend? Trump happend. Top comments here are smartass bullshit.¬†
Facts are that crypto is tied to S&P. It could be easily moved up which we seen already but orange man decided to bring instability in world economy.¬†",-3,0,https://www.reddit.com/r/CryptoCurrency/comments/1jc8d8n/what_happened_to_the_4_year_cycle_the_sp500_is/
Comment,1jc8d8n,AutoModerator,1742082101.0,"Please consider visiting r/CryptoHelp for future tech support issues. Thank you for your attention.

---


*I am a bot, and this action was performed automatically. Please [contact the moderators of this subreddit](/message/compose/?to=/r/CryptoCurrency) if you have any questions or concerns.*",0,0,https://www.reddit.com/r/CryptoCurrency/comments/1jc8d8n/what_happened_to_the_4_year_cycle_the_sp500_is/
Comment,1jc8d8n,Spaceseeds,1742083374.0,Username checks out. Next.,0,0,https://www.reddit.com/r/CryptoCurrency/comments/1jc8d8n/what_happened_to_the_4_year_cycle_the_sp500_is/
Comment,1jc8d8n,NotGloomp,1742115737.0,"The top 5 or 6 cryptos including bitcoin have identical graphs minute to minute. There's market manipulators hard at work and they're applying the same algorithm in their stock bots as their crypto bots, that's why. Back in the day it was more organic. I still think a sudden breakout is possible outside of their influence.",0,0,https://www.reddit.com/r/CryptoCurrency/comments/1jc8d8n/what_happened_to_the_4_year_cycle_the_sp500_is/
